HUMIDITY,AIR_PRESSURE,WIND_SPEED,CLOUD_PRESENCE
0.6205314886580269,0.1414519948376084,0.8412948077387241,0.8073430481281083
0.055435657531394456,0.5785908415607909,0.7557704621146779,0.8986914436529746
0.7638366696171901,0.8125692728756841,0.11759044992162115,0.15698302452635793
0.2620691118861445,0.2945579220964736,0.5252096310968093,0.7222513786166291
0.5640970258067621,0.40812682021506197,0.4478638784314398,0.267935730456643
